{"cameraMode":{"drawMode":0,"name":"Shaded","section":"Shading Mode"},"sceneLighting":true,"audioPlay":false,"sceneViewState":{"showFog":true,"showMaterialUpdate":false,"showSkybox":true,"showFlares":true,"showImageEffects":true,"showParticleSystems":true},"in2DMode":false,"pivot":{"x":0.05733346939086914,"y":-0.8883588314056397,"z":-1.8757572174072266},"rotation":{"x":0.04354405403137207,"y":0.9563842415809631,"z":-0.21016331017017365,"w":0.19815489649772645},"size":11.528984069824219,"orthographic":false}